,MES,PESO SIMULADO,BON,CEBU,NELLORE,ROMO
0,7,151.37875163593,0.0,1.0,0.0,0.0
1,7,174.87082141758998,0.0,1.0,0.0,0.0
2,7,183.66039022166,0.0,1.0,0.0,0.0
3,7,190.14134441746003,0.0,1.0,0.0,0.0
4,7,163.44818802643,0.0,1.0,0.0,0.0
5,7,168.00241690251002,0.0,1.0,0.0,0.0
6,7,243.49127561253997,0.0,1.0,0.0,0.0
7,7,100.47097738543002,0.0,1.0,0.0,0.0
8,7,250.36348572726,0.0,1.0,0.0,0.0
9,7,187.17462760048,0.0,1.0,0.0,0.0
10,7,209.30203137428,0.0,1.0,0.0,0.0
11,7,120.31690653543001,0.0,1.0,0.0,0.0
12,7,156.19284555555,0.0,1.0,0.0,0.0
13,7,166.61265693023998,0.0,1.0,0.0,0.0
14,7,190.01870408676004,0.0,1.0,0.0,0.0
15,7,120.11529669179,0.0,1.0,0.0,0.0
16,7,191.65258650229998,0.0,1.0,0.0,0.0
17,7,135.39090353087,0.0,1.0,0.0,0.0
18,7,178.11074761737999,0.0,1.0,0.0,0.0
19,7,197.68868668128997,0.0,1.0,0.0,0.0
20,7,186.82380290371003,0.0,1.0,0.0,0.0
21,7,212.05995904151,0.0,1.0,0.0,0.0
22,7,209.50297550136003,0.0,1.0,0.0,0.0
23,7,154.15968159764,0.0,1.0,0.0,0.0
24,7,184.48567565828998,0.0,1.0,0.0,0.0
25,7,144.3577812661,0.0,1.0,0.0,0.0
26,7,131.75226338549,0.0,1.0,0.0,0.0
27,7,206.78918617869,0.0,1.0,0.0,0.0
28,7,175.90166495910998,0.0,1.0,0.0,0.0
29,7,174.06570825204,0.0,1.0,0.0,0.0
30,7,206.33165067284,0.0,1.0,0.0,0.0
31,7,195.75909549346,0.0,1.0,0.0,0.0
32,7,187.59671920741002,0.0,1.0,0.0,0.0
33,7,217.65839102539,0.0,1.0,0.0,0.0
34,7,206.95496791583,0.0,1.0,0.0,0.0
35,7,183.90809278576,0.0,1.0,0.0,0.0
36,7,152.84193915609,0.0,1.0,0.0,0.0
37,7,154.13810836553998,0.0,1.0,0.0,0.0
38,7,215.71620247573998,0.0,1.0,0.0,0.0
39,7,122.06486501816002,0.0,1.0,0.0,0.0
40,7,175.08297131636002,0.0,1.0,0.0,0.0
41,7,110.80850429158001,0.0,1.0,0.0,0.0
42,7,209.98463368272,0.0,1.0,0.0,0.0
43,7,204.68132449994,0.0,1.0,0.0,0.0
44,7,175.93881358835,0.0,1.0,0.0,0.0
45,7,173.53403708044,0.0,1.0,0.0,0.0
46,7,92.858117048511,0.0,1.0,0.0,0.0
47,7,195.31115557737,0.0,1.0,0.0,0.0
48,7,102.67267367314001,0.0,1.0,0.0,0.0
49,7,98.436037758114,0.0,1.0,0.0,0.0
50,8,154.77674441416,0.0,1.0,0.0,0.0
51,8,184.98322682529,0.0,1.0,0.0,0.0
52,8,143.52684289994,0.0,1.0,0.0,0.0
53,8,146.75662619827,0.0,1.0,0.0,0.0
54,8,182.28013656788002,0.0,1.0,0.0,0.0
55,8,231.69743289593998,0.0,1.0,0.0,0.0
56,8,157.79372416851,0.0,1.0,0.0,0.0
57,8,194.42125988959998,0.0,1.0,0.0,0.0
58,8,175.25874068708998,0.0,1.0,0.0,0.0
59,8,218.36713205593998,0.0,1.0,0.0,0.0
60,8,147.54103612882,0.0,1.0,0.0,0.0
61,8,183.5450945997,0.0,1.0,0.0,0.0
62,8,200.2361173777,0.0,1.0,0.0,0.0
63,8,217.82958799397,0.0,1.0,0.0,0.0
64,8,232.06920184567997,0.0,1.0,0.0,0.0
65,8,185.25838937493,0.0,1.0,0.0,0.0
66,8,134.61995102853,0.0,1.0,0.0,0.0
67,8,158.67211102396,0.0,1.0,0.0,0.0
68,8,148.42322636043002,0.0,1.0,0.0,0.0
69,8,257.94967689047,0.0,1.0,0.0,0.0
70,8,162.7391796,0.0,1.0,0.0,0.0
71,8,206.513264757,0.0,1.0,0.0,0.0
72,8,176.32336581,0.0,1.0,0.0,0.0
73,8,211.024394656,0.0,1.0,0.0,0.0
74,8,157.948339506,0.0,1.0,0.0,0.0
75,8,137.48716608423,0.0,1.0,0.0,0.0
76,8,136.84173280456002,0.0,1.0,0.0,0.0
77,8,198.1710245065,0.0,1.0,0.0,0.0
78,8,176.80625747253998,0.0,1.0,0.0,0.0
79,8,176.20668304138002,0.0,1.0,0.0,0.0
80,8,228.05985583563,0.0,1.0,0.0,0.0
81,8,191.85985840489,0.0,1.0,0.0,0.0
82,8,188.84973481621003,0.0,1.0,0.0,0.0
83,8,233.46514078817,0.0,1.0,0.0,0.0
84,8,156.67664280118,0.0,1.0,0.0,0.0
85,8,204.86164374876998,0.0,1.0,0.0,0.0
86,8,209.30633009883,0.0,1.0,0.0,0.0
87,8,174.67674399387002,0.0,1.0,0.0,0.0
88,8,189.42300977356004,0.0,1.0,0.0,0.0
89,8,145.07640979943,0.0,1.0,0.0,0.0
90,8,145.65071579735002,0.0,1.0,0.0,0.0
91,8,185.86647838413003,0.0,1.0,0.0,0.0
92,8,205.68435443442002,0.0,1.0,0.0,0.0
93,8,265.49426920898,0.0,1.0,0.0,0.0
94,8,161.09280947049,0.0,1.0,0.0,0.0
95,8,188.51332588897998,0.0,1.0,0.0,0.0
96,8,179.85192894558998,0.0,1.0,0.0,0.0
97,8,120.44996433698,0.0,1.0,0.0,0.0
98,8,168.40918645869,0.0,1.0,0.0,0.0
99,8,124.89080918929,0.0,1.0,0.0,0.0
100,12,269.4952581549,0.0,1.0,0.0,0.0
101,12,241.83137163723998,0.0,1.0,0.0,0.0
102,12,186.90634929026,0.0,1.0,0.0,0.0
103,12,136.25348177125,0.0,1.0,0.0,0.0
104,12,317.98621024836,0.0,1.0,0.0,0.0
105,12,195.81530759679,0.0,1.0,0.0,0.0
106,12,230.92664222661,0.0,1.0,0.0,0.0
107,12,253.73308097523997,0.0,1.0,0.0,0.0
108,12,231.43441103801,0.0,1.0,0.0,0.0
109,12,180.92557984522,0.0,1.0,0.0,0.0
110,12,202.60135671038998,0.0,1.0,0.0,0.0
111,12,219.60545861773,0.0,1.0,0.0,0.0
112,12,299.15634117860003,0.0,1.0,0.0,0.0
113,12,183.10354177564997,0.0,1.0,0.0,0.0
114,12,264.71955597747996,0.0,1.0,0.0,0.0
115,12,241.10770774145,0.0,1.0,0.0,0.0
116,12,214.20054191038997,0.0,1.0,0.0,0.0
117,12,173.37415180038002,0.0,1.0,0.0,0.0
118,12,211.70660865054,0.0,1.0,0.0,0.0
119,12,221.50016199002002,0.0,1.0,0.0,0.0
120,12,152.91800430548,0.0,1.0,0.0,0.0
121,12,235.33223934558998,0.0,1.0,0.0,0.0
122,12,185.01425349601,0.0,1.0,0.0,0.0
123,12,221.12566683720001,0.0,1.0,0.0,0.0
124,12,242.47618171132999,0.0,1.0,0.0,0.0
125,12,180.92915866136002,0.0,1.0,0.0,0.0
126,12,211.50248448419998,0.0,1.0,0.0,0.0
127,12,243.16311277369,0.0,1.0,0.0,0.0
128,12,134.74138653179,0.0,1.0,0.0,0.0
129,12,277.18440504898,0.0,1.0,0.0,0.0
130,12,346.05327278899,0.0,1.0,0.0,0.0
131,12,273.38626526663995,0.0,1.0,0.0,0.0
132,12,210.13770904753002,0.0,1.0,0.0,0.0
133,12,247.05968492102997,0.0,1.0,0.0,0.0
134,12,174.41515498573997,0.0,1.0,0.0,0.0
135,12,318.94212684059,0.0,1.0,0.0,0.0
136,12,272.45893840627,0.0,1.0,0.0,0.0
137,12,264.85235068479,0.0,1.0,0.0,0.0
138,12,182.35663660695,0.0,1.0,0.0,0.0
139,12,241.66947706535998,0.0,1.0,0.0,0.0
140,12,198.1086034714,0.0,1.0,0.0,0.0
141,12,210.35310084007,0.0,1.0,0.0,0.0
142,12,197.52750813455,0.0,1.0,0.0,0.0
143,12,174.92361266481998,0.0,1.0,0.0,0.0
144,12,180.72621889103002,0.0,1.0,0.0,0.0
145,12,215.38909223084,0.0,1.0,0.0,0.0
146,12,141.53634142504,0.0,1.0,0.0,0.0
147,12,255.93698856196,0.0,1.0,0.0,0.0
148,12,219.95720485231004,0.0,1.0,0.0,0.0
149,12,260.47835254875,0.0,1.0,0.0,0.0
150,15,283.49125092226,0.0,1.0,0.0,0.0
151,15,297.39636872797996,0.0,1.0,0.0,0.0
152,15,174.99480870626,0.0,1.0,0.0,0.0
153,15,203.64563452621996,0.0,1.0,0.0,0.0
154,15,239.13100883491,0.0,1.0,0.0,0.0
155,15,273.58786680317996,0.0,1.0,0.0,0.0
156,15,336.66878638055,0.0,1.0,0.0,0.0
157,15,248.85128777447997,0.0,1.0,0.0,0.0
158,15,344.88998945294,0.0,1.0,0.0,0.0
159,15,296.22879584468,0.0,1.0,0.0,0.0
160,15,339.47782691746005,0.0,1.0,0.0,0.0
161,15,274.6580235119,0.0,1.0,0.0,0.0
162,15,226.14309399811,0.0,1.0,0.0,0.0
163,15,175.10139746926998,0.0,1.0,0.0,0.0
164,15,276.42476884645,0.0,1.0,0.0,0.0
165,15,317.46832971145,0.0,1.0,0.0,0.0
166,15,248.68879470135,0.0,1.0,0.0,0.0
167,15,233.32532081936,0.0,1.0,0.0,0.0
168,15,247.69507163416,0.0,1.0,0.0,0.0
169,15,198.92087463557,0.0,1.0,0.0,0.0
170,15,236.28269243191002,0.0,1.0,0.0,0.0
171,15,255.61223383791,0.0,1.0,0.0,0.0
172,15,269.63756444367993,0.0,1.0,0.0,0.0
173,15,262.85182487062,0.0,1.0,0.0,0.0
174,15,304.64164851264,0.0,1.0,0.0,0.0
175,15,273.56676524466,0.0,1.0,0.0,0.0
176,15,379.08755637235,0.0,1.0,0.0,0.0
177,15,286.11427497358,0.0,1.0,0.0,0.0
178,15,378.49816446973,0.0,1.0,0.0,0.0
179,15,222.03878041459,0.0,1.0,0.0,0.0
180,15,299.3932616367,0.0,1.0,0.0,0.0
181,15,250.69047166039,0.0,1.0,0.0,0.0
182,15,303.94882129525,0.0,1.0,0.0,0.0
183,15,303.56431625066,0.0,1.0,0.0,0.0
184,15,131.48526217088002,0.0,1.0,0.0,0.0
185,15,184.65602904468997,0.0,1.0,0.0,0.0
186,15,177.60125830615002,0.0,1.0,0.0,0.0
187,15,291.67417436676004,0.0,1.0,0.0,0.0
188,15,357.80545928452005,0.0,1.0,0.0,0.0
189,15,246.57019923815,0.0,1.0,0.0,0.0
190,15,317.08279398727,0.0,1.0,0.0,0.0
191,15,300.56893240827003,0.0,1.0,0.0,0.0
192,15,201.70396004066,0.0,1.0,0.0,0.0
193,15,291.40320703973,0.0,1.0,0.0,0.0
194,15,220.25771567559,0.0,1.0,0.0,0.0
195,15,360.65692090237997,0.0,1.0,0.0,0.0
196,15,264.78413308086004,0.0,1.0,0.0,0.0
197,15,368.06837878553,0.0,1.0,0.0,0.0
198,15,240.48887943124,0.0,1.0,0.0,0.0
199,15,303.28592539986,0.0,1.0,0.0,0.0
200,18,336.02391752858,0.0,1.0,0.0,0.0
201,18,202.60459686347,0.0,1.0,0.0,0.0
202,18,273.41684309445,0.0,1.0,0.0,0.0
203,18,382.01201940517,0.0,1.0,0.0,0.0
204,18,336.56225454777,0.0,1.0,0.0,0.0
205,18,264.11435063297,0.0,1.0,0.0,0.0
206,18,297.64362150315,0.0,1.0,0.0,0.0
207,18,357.29215813233003,0.0,1.0,0.0,0.0
208,18,272.67540565397,0.0,1.0,0.0,0.0
209,18,406.69411030964994,0.0,1.0,0.0,0.0
210,18,296.66768259196,0.0,1.0,0.0,0.0
211,18,463.4835444573599,0.0,1.0,0.0,0.0
212,18,266.76110832468,0.0,1.0,0.0,0.0
213,18,353.86480114152,0.0,1.0,0.0,0.0
214,18,236.71809114352996,0.0,1.0,0.0,0.0
215,18,291.02072036781004,0.0,1.0,0.0,0.0
216,18,299.89965354776,0.0,1.0,0.0,0.0
217,18,367.63100474166,0.0,1.0,0.0,0.0
218,18,404.45927904004,0.0,1.0,0.0,0.0
219,18,360.76309439327,0.0,1.0,0.0,0.0
220,18,314.89388814723,0.0,1.0,0.0,0.0
221,18,395.8347674011,0.0,1.0,0.0,0.0
222,18,394.70420416587007,0.0,1.0,0.0,0.0
223,18,348.48597970123,0.0,1.0,0.0,0.0
224,18,379.20196358355,0.0,1.0,0.0,0.0
225,18,368.4114083022,0.0,1.0,0.0,0.0
226,18,273.08789574376,0.0,1.0,0.0,0.0
227,18,392.02660299480004,0.0,1.0,0.0,0.0
228,18,295.5445915314,0.0,1.0,0.0,0.0
229,18,299.17315141828,0.0,1.0,0.0,0.0
230,18,352.35007860062996,0.0,1.0,0.0,0.0
231,18,319.35901370235,0.0,1.0,0.0,0.0
232,18,331.32303396643,0.0,1.0,0.0,0.0
233,18,380.84385759151,0.0,1.0,0.0,0.0
234,18,411.58931261118994,0.0,1.0,0.0,0.0
235,18,326.81901711912997,0.0,1.0,0.0,0.0
236,18,362.61488296208,0.0,1.0,0.0,0.0
237,18,324.07166753744,0.0,1.0,0.0,0.0
238,18,355.9355484283,0.0,1.0,0.0,0.0
239,18,370.26385731842004,0.0,1.0,0.0,0.0
240,18,298.29143024264,0.0,1.0,0.0,0.0
241,18,359.01638518868,0.0,1.0,0.0,0.0
242,18,381.23504841109,0.0,1.0,0.0,0.0
243,18,346.58617147937,0.0,1.0,0.0,0.0
244,18,458.10219876608,0.0,1.0,0.0,0.0
245,18,298.85723801332,0.0,1.0,0.0,0.0
246,18,290.10622954738,0.0,1.0,0.0,0.0
247,18,221.133219235,0.0,1.0,0.0,0.0
248,18,402.30386367397006,0.0,1.0,0.0,0.0
249,18,399.34832185570997,0.0,1.0,0.0,0.0
250,10,196.1458894878,1.0,0.0,0.0,0.0
251,10,161.33858822055,1.0,0.0,0.0,0.0
252,10,183.77798539223,1.0,0.0,0.0,0.0
253,10,224.26127001043,1.0,0.0,0.0,0.0
254,10,184.45046420538003,1.0,0.0,0.0,0.0
255,10,141.63679430816,1.0,0.0,0.0,0.0
256,10,148.28718016115,1.0,0.0,0.0,0.0
257,10,173.71465075037,1.0,0.0,0.0,0.0
258,10,172.90827363828998,1.0,0.0,0.0,0.0
259,10,147.96483731362,1.0,0.0,0.0,0.0
260,10,186.68457294268998,1.0,0.0,0.0,0.0
261,10,226.86155359619,1.0,0.0,0.0,0.0
262,10,170.70673636478,1.0,0.0,0.0,0.0
263,10,172.43090812546,1.0,0.0,0.0,0.0
264,10,98.543689476658,1.0,0.0,0.0,0.0
265,10,151.34301512385,1.0,0.0,0.0,0.0
266,10,128.44891438996,1.0,0.0,0.0,0.0
267,10,165.70931791360002,1.0,0.0,0.0,0.0
268,10,199.44669495436,1.0,0.0,0.0,0.0
269,10,236.36096318945,1.0,0.0,0.0,0.0
270,10,246.54429472060002,1.0,0.0,0.0,0.0
271,10,175.67528212211997,1.0,0.0,0.0,0.0
272,10,168.15274108523002,1.0,0.0,0.0,0.0
273,10,210.24810247978002,1.0,0.0,0.0,0.0
274,10,198.13588998648999,1.0,0.0,0.0,0.0
275,10,208.31429292058,1.0,0.0,0.0,0.0
276,10,208.79632467652002,1.0,0.0,0.0,0.0
277,10,125.22870858351001,1.0,0.0,0.0,0.0
278,10,199.99346650556,1.0,0.0,0.0,0.0
279,10,176.61305619086997,1.0,0.0,0.0,0.0
280,10,151.87066205253,1.0,0.0,0.0,0.0
281,10,154.33696860369,1.0,0.0,0.0,0.0
282,10,227.41393684854,1.0,0.0,0.0,0.0
283,10,150.03970840167,1.0,0.0,0.0,0.0
284,10,134.23772094555,1.0,0.0,0.0,0.0
285,10,187.94339858086997,1.0,0.0,0.0,0.0
286,10,254.39855539874,1.0,0.0,0.0,0.0
287,10,180.94551403626,1.0,0.0,0.0,0.0
288,10,191.40707914113,1.0,0.0,0.0,0.0
289,10,145.28485320677,1.0,0.0,0.0,0.0
290,10,241.94599021582997,1.0,0.0,0.0,0.0
291,10,184.62456243226,1.0,0.0,0.0,0.0
292,10,199.61374649236998,1.0,0.0,0.0,0.0
293,10,144.77347573414,1.0,0.0,0.0,0.0
294,10,211.59958427416,1.0,0.0,0.0,0.0
295,10,194.39839217716,1.0,0.0,0.0,0.0
296,10,137.22795985679,1.0,0.0,0.0,0.0
297,10,181.47038469860001,1.0,0.0,0.0,0.0
298,10,163.32785166282,1.0,0.0,0.0,0.0
299,10,184.04217384163002,1.0,0.0,0.0,0.0
300,11,187.72954482948998,1.0,0.0,0.0,0.0
301,11,189.97363877799998,1.0,0.0,0.0,0.0
302,11,158.78219997087,1.0,0.0,0.0,0.0
303,11,185.03819890748002,1.0,0.0,0.0,0.0
304,11,225.36149360189998,1.0,0.0,0.0,0.0
305,11,261.55290764775003,1.0,0.0,0.0,0.0
306,11,154.06076273172,1.0,0.0,0.0,0.0
307,11,284.96423853821,1.0,0.0,0.0,0.0
308,11,253.46488461276002,1.0,0.0,0.0,0.0
309,11,203.23477750805,1.0,0.0,0.0,0.0
310,11,185.85535841502,1.0,0.0,0.0,0.0
311,11,171.14979198391,1.0,0.0,0.0,0.0
312,11,227.81251130379,1.0,0.0,0.0,0.0
313,11,171.29960559376002,1.0,0.0,0.0,0.0
314,11,179.91032925404,1.0,0.0,0.0,0.0
315,11,229.69383405867,1.0,0.0,0.0,0.0
316,11,213.12993474006,1.0,0.0,0.0,0.0
317,11,230.17965243301003,1.0,0.0,0.0,0.0
318,11,215.67508503396,1.0,0.0,0.0,0.0
319,11,182.16680598591,1.0,0.0,0.0,0.0
320,11,177.98762355233,1.0,0.0,0.0,0.0
321,11,226.46560106065,1.0,0.0,0.0,0.0
322,11,172.16596393173,1.0,0.0,0.0,0.0
323,11,240.90638458606003,1.0,0.0,0.0,0.0
324,11,226.25597291602998,1.0,0.0,0.0,0.0
325,11,207.64569530292,1.0,0.0,0.0,0.0
326,11,197.11936623883,1.0,0.0,0.0,0.0
327,11,210.52783593650003,1.0,0.0,0.0,0.0
328,11,327.48707927854,1.0,0.0,0.0,0.0
329,11,192.83984348706002,1.0,0.0,0.0,0.0
330,11,139.40602440728,1.0,0.0,0.0,0.0
331,11,267.8587849319,1.0,0.0,0.0,0.0
332,11,219.56430396981997,1.0,0.0,0.0,0.0
333,11,173.02726994561002,1.0,0.0,0.0,0.0
334,11,293.84139174587995,1.0,0.0,0.0,0.0
335,11,217.38516556758,1.0,0.0,0.0,0.0
336,11,207.88553632453,1.0,0.0,0.0,0.0
337,11,168.21977946462,1.0,0.0,0.0,0.0
338,11,157.59758644467,1.0,0.0,0.0,0.0
339,11,131.56868080449,1.0,0.0,0.0,0.0
340,11,181.35197717176,1.0,0.0,0.0,0.0
341,11,158.03521011996,1.0,0.0,0.0,0.0
342,11,220.96694406395,1.0,0.0,0.0,0.0
343,11,185.247757025,1.0,0.0,0.0,0.0
344,11,262.4526880599,1.0,0.0,0.0,0.0
345,11,252.89154862212996,1.0,0.0,0.0,0.0
346,11,203.06838172557,1.0,0.0,0.0,0.0
347,11,186.53774256331002,1.0,0.0,0.0,0.0
348,11,239.63013489409,1.0,0.0,0.0,0.0
349,11,154.57921761168,1.0,0.0,0.0,0.0
350,12,226.27424916512996,1.0,0.0,0.0,0.0
351,12,173.90459318046,1.0,0.0,0.0,0.0
352,12,184.38741467525003,1.0,0.0,0.0,0.0
353,12,173.79970533846,1.0,0.0,0.0,0.0
354,12,222.44953164673998,1.0,0.0,0.0,0.0
355,12,169.65435289859,1.0,0.0,0.0,0.0
356,12,158.5211130875,1.0,0.0,0.0,0.0
357,12,221.56615375018998,1.0,0.0,0.0,0.0
358,12,183.48627532438,1.0,0.0,0.0,0.0
359,12,214.10189942907,1.0,0.0,0.0,0.0
360,12,186.2763195641,1.0,0.0,0.0,0.0
361,12,210.51208761095,1.0,0.0,0.0,0.0
362,12,99.986475111278,1.0,0.0,0.0,0.0
363,12,218.16870099507,1.0,0.0,0.0,0.0
364,12,272.28887675726,1.0,0.0,0.0,0.0
365,12,240.53228425404,1.0,0.0,0.0,0.0
366,12,235.52496659887996,1.0,0.0,0.0,0.0
367,12,190.65047982255,1.0,0.0,0.0,0.0
368,12,207.05892511191,1.0,0.0,0.0,0.0
369,12,209.52573232571999,1.0,0.0,0.0,0.0
370,12,203.75932249705002,1.0,0.0,0.0,0.0
371,12,167.61172859285,1.0,0.0,0.0,0.0
372,12,186.26216475917,1.0,0.0,0.0,0.0
373,12,193.18377345778,1.0,0.0,0.0,0.0
374,12,181.25451664023998,1.0,0.0,0.0,0.0
375,12,232.63663174529,1.0,0.0,0.0,0.0
376,12,298.99562431417,1.0,0.0,0.0,0.0
377,12,148.38996419226,1.0,0.0,0.0,0.0
378,12,205.00527027038999,1.0,0.0,0.0,0.0
379,12,143.74721301892,1.0,0.0,0.0,0.0
380,12,250.79782017468,1.0,0.0,0.0,0.0
381,12,254.98654850073999,1.0,0.0,0.0,0.0
382,12,135.16082415603,1.0,0.0,0.0,0.0
383,12,275.80369465729,1.0,0.0,0.0,0.0
384,12,157.69676036273,1.0,0.0,0.0,0.0
385,12,208.84594002583,1.0,0.0,0.0,0.0
386,12,242.8582388969,1.0,0.0,0.0,0.0
387,12,205.74036134641997,1.0,0.0,0.0,0.0
388,12,289.5309667075,1.0,0.0,0.0,0.0
389,12,307.34975722622,1.0,0.0,0.0,0.0
390,12,205.39439126781002,1.0,0.0,0.0,0.0
391,12,125.62441787345,1.0,0.0,0.0,0.0
392,12,185.76527325843003,1.0,0.0,0.0,0.0
393,12,166.92370954858,1.0,0.0,0.0,0.0
394,12,170.17461878366998,1.0,0.0,0.0,0.0
395,12,156.01990223306,1.0,0.0,0.0,0.0
396,12,203.04936690825,1.0,0.0,0.0,0.0
397,12,282.15855657252996,1.0,0.0,0.0,0.0
398,12,172.08195166778,1.0,0.0,0.0,0.0
399,12,189.05988919208,1.0,0.0,0.0,0.0
400,13,258.82547518516003,1.0,0.0,0.0,0.0
401,13,260.72567816932997,1.0,0.0,0.0,0.0
402,13,230.90718046938,1.0,0.0,0.0,0.0
403,13,253.06667593403,1.0,0.0,0.0,0.0
404,13,246.69976686442996,1.0,0.0,0.0,0.0
405,13,195.34792698113,1.0,0.0,0.0,0.0
406,13,228.58461411122002,1.0,0.0,0.0,0.0
407,13,198.73564867906003,1.0,0.0,0.0,0.0
408,13,174.10539068001998,1.0,0.0,0.0,0.0
409,13,237.02456391153999,1.0,0.0,0.0,0.0
410,13,213.76559722397,1.0,0.0,0.0,0.0
411,13,203.32805766150003,1.0,0.0,0.0,0.0
412,13,222.9608256551,1.0,0.0,0.0,0.0
413,13,251.49548236837998,1.0,0.0,0.0,0.0
414,13,227.11031736497998,1.0,0.0,0.0,0.0
415,13,218.97660633507,1.0,0.0,0.0,0.0
416,13,222.47118321578,1.0,0.0,0.0,0.0
417,13,213.10003278562002,1.0,0.0,0.0,0.0
418,13,179.24688399848,1.0,0.0,0.0,0.0
419,13,243.25805012652,1.0,0.0,0.0,0.0
420,13,268.76518499073,1.0,0.0,0.0,0.0
421,13,189.10195806452998,1.0,0.0,0.0,0.0
422,13,290.03809562227997,1.0,0.0,0.0,0.0
423,13,203.77385056244,1.0,0.0,0.0,0.0
424,13,201.00623513805002,1.0,0.0,0.0,0.0
425,13,174.19837299288997,1.0,0.0,0.0,0.0
426,13,178.51418853061,1.0,0.0,0.0,0.0
427,13,171.92803767091,1.0,0.0,0.0,0.0
428,13,225.51012362369,1.0,0.0,0.0,0.0
429,13,276.47807928036,1.0,0.0,0.0,0.0
430,13,232.62628029682003,1.0,0.0,0.0,0.0
431,13,246.02229434722,1.0,0.0,0.0,0.0
432,13,266.01570740387996,1.0,0.0,0.0,0.0
433,13,108.51912888088002,1.0,0.0,0.0,0.0
434,13,204.13006779104,1.0,0.0,0.0,0.0
435,13,225.47362789561,1.0,0.0,0.0,0.0
436,13,240.40740274509997,1.0,0.0,0.0,0.0
437,13,157.50108281200002,1.0,0.0,0.0,0.0
438,13,169.75937297848998,1.0,0.0,0.0,0.0
439,13,243.41802225964,1.0,0.0,0.0,0.0
440,13,206.22057552499,1.0,0.0,0.0,0.0
441,13,233.67668540301003,1.0,0.0,0.0,0.0
442,13,171.61356300651002,1.0,0.0,0.0,0.0
443,13,144.01410177249,1.0,0.0,0.0,0.0
444,13,242.20921155654,1.0,0.0,0.0,0.0
445,13,259.92559321982003,1.0,0.0,0.0,0.0
446,13,277.91434585276,1.0,0.0,0.0,0.0
447,13,148.1802262784,1.0,0.0,0.0,0.0
448,13,156.18905140646999,1.0,0.0,0.0,0.0
449,13,150.57229358165,1.0,0.0,0.0,0.0
450,14,227.08349858236,1.0,0.0,0.0,0.0
451,14,200.68666258409002,1.0,0.0,0.0,0.0
452,14,289.45112120369,1.0,0.0,0.0,0.0
453,14,162.06693720581998,1.0,0.0,0.0,0.0
454,14,148.85193585251002,1.0,0.0,0.0,0.0
455,14,238.44401543143996,1.0,0.0,0.0,0.0
456,14,283.87479833218,1.0,0.0,0.0,0.0
457,14,192.07013747793,1.0,0.0,0.0,0.0
458,14,170.78072457705,1.0,0.0,0.0,0.0
459,14,222.13075775356003,1.0,0.0,0.0,0.0
460,14,153.72345280032,1.0,0.0,0.0,0.0
461,14,229.79783991801003,1.0,0.0,0.0,0.0
462,14,267.10581423559,1.0,0.0,0.0,0.0
463,14,239.01596402555,1.0,0.0,0.0,0.0
464,14,141.17473454191003,1.0,0.0,0.0,0.0
465,14,204.30619622077998,1.0,0.0,0.0,0.0
466,14,215.10651427147,1.0,0.0,0.0,0.0
467,14,312.4247780216,1.0,0.0,0.0,0.0
468,14,271.08318063069,1.0,0.0,0.0,0.0
469,14,226.37428706793,1.0,0.0,0.0,0.0
470,14,289.23065558014997,1.0,0.0,0.0,0.0
471,14,180.94215097316,1.0,0.0,0.0,0.0
472,14,212.97972672458,1.0,0.0,0.0,0.0
473,14,293.97781339355,1.0,0.0,0.0,0.0
474,14,298.10961471481005,1.0,0.0,0.0,0.0
475,14,262.59729574871,1.0,0.0,0.0,0.0
476,14,251.57460450755002,1.0,0.0,0.0,0.0
477,14,202.03819757948003,1.0,0.0,0.0,0.0
478,14,263.26538391952005,1.0,0.0,0.0,0.0
479,14,190.90487138893997,1.0,0.0,0.0,0.0
480,14,255.42795365587003,1.0,0.0,0.0,0.0
481,14,241.96470360168,1.0,0.0,0.0,0.0
482,14,281.4080883754,1.0,0.0,0.0,0.0
483,14,209.41007910369999,1.0,0.0,0.0,0.0
484,14,258.26243500454,1.0,0.0,0.0,0.0
485,14,265.48619174392,1.0,0.0,0.0,0.0
486,14,187.67465275136001,1.0,0.0,0.0,0.0
487,14,236.18726283677003,1.0,0.0,0.0,0.0
488,14,302.47367991877,1.0,0.0,0.0,0.0
489,14,234.17222668731003,1.0,0.0,0.0,0.0
490,14,214.80325301084,1.0,0.0,0.0,0.0
491,14,250.0063420193,1.0,0.0,0.0,0.0
492,14,216.34536179389,1.0,0.0,0.0,0.0
493,14,249.38460600405,1.0,0.0,0.0,0.0
494,14,222.80080417075,1.0,0.0,0.0,0.0
495,14,228.15690143202002,1.0,0.0,0.0,0.0
496,14,250.19631355032996,1.0,0.0,0.0,0.0
497,14,291.66651135974996,1.0,0.0,0.0,0.0
498,14,249.78623009951,1.0,0.0,0.0,0.0
499,14,304.82564822412,1.0,0.0,0.0,0.0
500,15,140.52517803566002,1.0,0.0,0.0,0.0
501,15,222.63864580486,1.0,0.0,0.0,0.0
502,15,258.27164648902,1.0,0.0,0.0,0.0
503,15,202.57100588327,1.0,0.0,0.0,0.0
504,15,179.65033150277,1.0,0.0,0.0,0.0
505,15,278.08582422659,1.0,0.0,0.0,0.0
506,15,277.86047819278,1.0,0.0,0.0,0.0
507,15,261.04782007533,1.0,0.0,0.0,0.0
508,15,266.55643836316,1.0,0.0,0.0,0.0
509,15,200.73073221303002,1.0,0.0,0.0,0.0
510,15,220.12020433337997,1.0,0.0,0.0,0.0
511,15,240.45306551308,1.0,0.0,0.0,0.0
512,15,210.23288495775,1.0,0.0,0.0,0.0
513,15,263.25780560302996,1.0,0.0,0.0,0.0
514,15,368.99168661514,1.0,0.0,0.0,0.0
515,15,220.92400263957,1.0,0.0,0.0,0.0
516,15,279.66730674843996,1.0,0.0,0.0,0.0
517,15,192.20991470382,1.0,0.0,0.0,0.0
518,15,315.65683909101,1.0,0.0,0.0,0.0
519,15,195.6047014969,1.0,0.0,0.0,0.0
520,15,256.85321126615,1.0,0.0,0.0,0.0
521,15,213.83314552125,1.0,0.0,0.0,0.0
522,15,272.6248134743,1.0,0.0,0.0,0.0
523,15,246.59041689724,1.0,0.0,0.0,0.0
524,15,243.71259143413,1.0,0.0,0.0,0.0
525,15,399.35281214841,1.0,0.0,0.0,0.0
526,15,213.23759793658002,1.0,0.0,0.0,0.0
527,15,243.56227122401,1.0,0.0,0.0,0.0
528,15,385.51732656013,1.0,0.0,0.0,0.0
529,15,186.37208431868999,1.0,0.0,0.0,0.0
530,15,274.75593476424,1.0,0.0,0.0,0.0
531,15,190.02416272718997,1.0,0.0,0.0,0.0
532,15,299.59325837251,1.0,0.0,0.0,0.0
533,15,263.03155024875997,1.0,0.0,0.0,0.0
534,15,279.91049018604,1.0,0.0,0.0,0.0
535,15,231.49922194782997,1.0,0.0,0.0,0.0
536,15,258.74996287365,1.0,0.0,0.0,0.0
537,15,322.57070089872,1.0,0.0,0.0,0.0
538,15,127.69471979793998,1.0,0.0,0.0,0.0
539,15,161.06888230408998,1.0,0.0,0.0,0.0
540,15,267.6043847229,1.0,0.0,0.0,0.0
541,15,211.95201970338002,1.0,0.0,0.0,0.0
542,15,230.58988759886,1.0,0.0,0.0,0.0
543,15,168.16021842473,1.0,0.0,0.0,0.0
544,15,198.94860873896,1.0,0.0,0.0,0.0
545,15,224.98255965837998,1.0,0.0,0.0,0.0
546,15,208.25849536545,1.0,0.0,0.0,0.0
547,15,200.9427786813,1.0,0.0,0.0,0.0
548,15,224.06396741702002,1.0,0.0,0.0,0.0
549,15,196.98135113741,1.0,0.0,0.0,0.0
550,16,334.46172073193,1.0,0.0,0.0,0.0
551,16,208.62452553608003,1.0,0.0,0.0,0.0
552,16,360.16890513275,1.0,0.0,0.0,0.0
553,16,241.78042324857003,1.0,0.0,0.0,0.0
554,16,183.60600112446,1.0,0.0,0.0,0.0
555,16,228.59118239136,1.0,0.0,0.0,0.0
556,16,312.46305196396,1.0,0.0,0.0,0.0
557,16,319.02017985061,1.0,0.0,0.0,0.0
558,16,270.65227294442997,1.0,0.0,0.0,0.0
559,16,277.51961729313,1.0,0.0,0.0,0.0
560,16,296.17690116023,1.0,0.0,0.0,0.0
561,16,183.21173906948002,1.0,0.0,0.0,0.0
562,16,230.58767482477,1.0,0.0,0.0,0.0
563,16,163.17193660641001,1.0,0.0,0.0,0.0
564,16,237.74843368813,1.0,0.0,0.0,0.0
565,16,313.26083399447003,1.0,0.0,0.0,0.0
566,16,300.74183611002,1.0,0.0,0.0,0.0
567,16,385.54274470622,1.0,0.0,0.0,0.0
568,16,271.00329382087995,1.0,0.0,0.0,0.0
569,16,145.54949940821,1.0,0.0,0.0,0.0
570,16,353.22756260103995,1.0,0.0,0.0,0.0
571,16,331.243160343,1.0,0.0,0.0,0.0
572,16,230.53792792525002,1.0,0.0,0.0,0.0
573,16,274.02118195421,1.0,0.0,0.0,0.0
574,16,304.09037953457,1.0,0.0,0.0,0.0
575,16,282.77418650963,1.0,0.0,0.0,0.0
576,16,299.6038138357,1.0,0.0,0.0,0.0
577,16,255.91335980461002,1.0,0.0,0.0,0.0
578,16,259.90352014987997,1.0,0.0,0.0,0.0
579,16,266.7567859721,1.0,0.0,0.0,0.0
580,16,219.35857744632,1.0,0.0,0.0,0.0
581,16,338.83987341515,1.0,0.0,0.0,0.0
582,16,262.341910943,1.0,0.0,0.0,0.0
583,16,299.06996578303,1.0,0.0,0.0,0.0
584,16,215.83358378299,1.0,0.0,0.0,0.0
585,16,203.93729285618,1.0,0.0,0.0,0.0
586,16,257.08776843554,1.0,0.0,0.0,0.0
587,16,248.35032102128997,1.0,0.0,0.0,0.0
588,16,326.52048620624,1.0,0.0,0.0,0.0
589,16,294.72744030567003,1.0,0.0,0.0,0.0
590,16,291.18777917475,1.0,0.0,0.0,0.0
591,16,183.97327136239,1.0,0.0,0.0,0.0
592,16,209.74453438381,1.0,0.0,0.0,0.0
593,16,272.91077226375,1.0,0.0,0.0,0.0
594,16,243.2145894534,1.0,0.0,0.0,0.0
595,16,331.66475146839,1.0,0.0,0.0,0.0
596,16,334.42230621952,1.0,0.0,0.0,0.0
597,16,230.63692477237998,1.0,0.0,0.0,0.0
598,16,309.25732250755,1.0,0.0,0.0,0.0
599,16,337.35429389437,1.0,0.0,0.0,0.0
600,17,296.97517242937,1.0,0.0,0.0,0.0
601,17,369.90941767151,1.0,0.0,0.0,0.0
602,17,338.49626531009,1.0,0.0,0.0,0.0
603,17,290.98989332994,1.0,0.0,0.0,0.0
604,17,328.10097931009,1.0,0.0,0.0,0.0
605,17,289.8867926323,1.0,0.0,0.0,0.0
606,17,255.76603905301002,1.0,0.0,0.0,0.0
607,17,299.07368912613,1.0,0.0,0.0,0.0
608,17,281.02846941047,1.0,0.0,0.0,0.0
609,17,258.58065458701,1.0,0.0,0.0,0.0
610,17,378.17709575302,1.0,0.0,0.0,0.0
611,17,291.39129179207004,1.0,0.0,0.0,0.0
612,17,431.90114475261004,1.0,0.0,0.0,0.0
613,17,262.41473853256,1.0,0.0,0.0,0.0
614,17,310.60055090836005,1.0,0.0,0.0,0.0
615,17,367.62675713063993,1.0,0.0,0.0,0.0
616,17,431.83688689978,1.0,0.0,0.0,0.0
617,17,295.9995997271,1.0,0.0,0.0,0.0
618,17,234.74552519852,1.0,0.0,0.0,0.0
619,17,323.98929302037004,1.0,0.0,0.0,0.0
620,17,205.08544866791001,1.0,0.0,0.0,0.0
621,17,263.66463746091,1.0,0.0,0.0,0.0
622,17,294.22454760974,1.0,0.0,0.0,0.0
623,17,362.41499643602003,1.0,0.0,0.0,0.0
624,17,359.47992538822996,1.0,0.0,0.0,0.0
625,17,277.45656179261,1.0,0.0,0.0,0.0
626,17,330.74015364708,1.0,0.0,0.0,0.0
627,17,261.00829648192,1.0,0.0,0.0,0.0
628,17,316.02299362442,1.0,0.0,0.0,0.0
629,17,386.25646055819,1.0,0.0,0.0,0.0
630,17,287.77853814976004,1.0,0.0,0.0,0.0
631,17,262.16995835512995,1.0,0.0,0.0,0.0
632,17,250.99805246168998,1.0,0.0,0.0,0.0
633,17,319.12239731200003,1.0,0.0,0.0,0.0
634,17,353.88816871437007,1.0,0.0,0.0,0.0
635,17,398.03807702399,1.0,0.0,0.0,0.0
636,17,282.02656392849997,1.0,0.0,0.0,0.0
637,17,288.1300114098,1.0,0.0,0.0,0.0
638,17,243.56842253367995,1.0,0.0,0.0,0.0
639,17,369.27152359206,1.0,0.0,0.0,0.0
640,17,274.77487144552003,1.0,0.0,0.0,0.0
641,17,252.49871997344,1.0,0.0,0.0,0.0
642,17,401.31748406400004,1.0,0.0,0.0,0.0
643,17,324.35334195128996,1.0,0.0,0.0,0.0
644,17,319.11519703953,1.0,0.0,0.0,0.0
645,17,222.68801647003997,1.0,0.0,0.0,0.0
646,17,303.30325034099997,1.0,0.0,0.0,0.0
647,17,308.128041187,1.0,0.0,0.0,0.0
648,17,217.83430702887,1.0,0.0,0.0,0.0
649,17,266.35551069906,1.0,0.0,0.0,0.0
650,10,145.80375184547,0.0,0.0,0.0,1.0
651,10,189.8516657863,0.0,0.0,0.0,1.0
652,10,153.55097521532,0.0,0.0,0.0,1.0
653,10,237.22667992477997,0.0,0.0,0.0,1.0
654,10,189.97379238455002,0.0,0.0,0.0,1.0
655,10,167.44911659333,0.0,0.0,0.0,1.0
656,10,192.45589597977002,0.0,0.0,0.0,1.0
657,10,171.81576814632,0.0,0.0,0.0,1.0
658,10,208.537575099,0.0,0.0,0.0,1.0
659,10,165.87552642157,0.0,0.0,0.0,1.0
660,10,134.99321218711,0.0,0.0,0.0,1.0
661,10,180.13283404117,0.0,0.0,0.0,1.0
662,10,223.51422859611,0.0,0.0,0.0,1.0
663,10,132.51148341943002,0.0,0.0,0.0,1.0
664,10,164.00260582626,0.0,0.0,0.0,1.0
665,10,205.15932939360002,0.0,0.0,0.0,1.0
666,10,108.6358484308,0.0,0.0,0.0,1.0
667,10,192.63971072221,0.0,0.0,0.0,1.0
668,10,196.84769378682998,0.0,0.0,0.0,1.0
669,10,179.04496155625,0.0,0.0,0.0,1.0
670,10,146.58227559533998,0.0,0.0,0.0,1.0
671,10,171.76455646655,0.0,0.0,0.0,1.0
672,10,175.07515531766003,0.0,0.0,0.0,1.0
673,10,202.86328984389,0.0,0.0,0.0,1.0
674,10,193.89609142044,0.0,0.0,0.0,1.0
675,10,160.44232199773998,0.0,0.0,0.0,1.0
676,10,225.45595549871,0.0,0.0,0.0,1.0
677,10,170.32250781611,0.0,0.0,0.0,1.0
678,10,145.1809966647,0.0,0.0,0.0,1.0
679,10,157.532142155,0.0,0.0,0.0,1.0
680,10,200.33412982297,0.0,0.0,0.0,1.0
681,10,178.44212586286,0.0,0.0,0.0,1.0
682,10,201.33245107813,0.0,0.0,0.0,1.0
683,10,174.28432009429,0.0,0.0,0.0,1.0
684,10,254.06510356981002,0.0,0.0,0.0,1.0
685,10,117.03377710991,0.0,0.0,0.0,1.0
686,10,158.27437781988002,0.0,0.0,0.0,1.0
687,10,169.22058798646003,0.0,0.0,0.0,1.0
688,10,174.94531426775,0.0,0.0,0.0,1.0
689,10,220.05285761569002,0.0,0.0,0.0,1.0
690,10,179.24196611506,0.0,0.0,0.0,1.0
691,10,168.20905068666,0.0,0.0,0.0,1.0
692,10,174.26388149294,0.0,0.0,0.0,1.0
693,10,196.79933028001,0.0,0.0,0.0,1.0
694,10,149.24890708853002,0.0,0.0,0.0,1.0
695,10,186.87684828931,0.0,0.0,0.0,1.0
696,10,120.35418629073,0.0,0.0,0.0,1.0
697,10,169.39973451914,0.0,0.0,0.0,1.0
698,10,140.92086502098,0.0,0.0,0.0,1.0
699,10,150.45557030806,0.0,0.0,0.0,1.0
700,11,192.88852339708998,0.0,0.0,0.0,1.0
701,11,143.62223349551002,0.0,0.0,0.0,1.0
702,11,148.38590694999,0.0,0.0,0.0,1.0
703,11,129.94494336328998,0.0,0.0,0.0,1.0
704,11,105.00213330944,0.0,0.0,0.0,1.0
705,11,177.69674125938,0.0,0.0,0.0,1.0
706,11,223.69605279622002,0.0,0.0,0.0,1.0
707,11,176.63222998456,0.0,0.0,0.0,1.0
708,11,174.81162608841998,0.0,0.0,0.0,1.0
709,11,146.36430755408,0.0,0.0,0.0,1.0
710,11,238.41616072255002,0.0,0.0,0.0,1.0
711,11,174.27053024663996,0.0,0.0,0.0,1.0
712,11,228.29066529242996,0.0,0.0,0.0,1.0
713,11,195.66930482721,0.0,0.0,0.0,1.0
714,11,173.79316219537,0.0,0.0,0.0,1.0
715,11,220.87505581707995,0.0,0.0,0.0,1.0
716,11,217.38519280674998,0.0,0.0,0.0,1.0
717,11,179.09946124989,0.0,0.0,0.0,1.0
718,11,228.35827749213,0.0,0.0,0.0,1.0
719,11,245.34532575262998,0.0,0.0,0.0,1.0
720,11,180.70347934913002,0.0,0.0,0.0,1.0
721,11,174.05116971205,0.0,0.0,0.0,1.0
722,11,197.16233549638,0.0,0.0,0.0,1.0
723,11,195.31148636645,0.0,0.0,0.0,1.0
724,11,211.26288710729,0.0,0.0,0.0,1.0
725,11,174.05433276923,0.0,0.0,0.0,1.0
726,11,208.0289647575,0.0,0.0,0.0,1.0
727,11,219.70090595022,0.0,0.0,0.0,1.0
728,11,189.21419942557998,0.0,0.0,0.0,1.0
729,11,188.36541896897998,0.0,0.0,0.0,1.0
730,11,139.09864325893,0.0,0.0,0.0,1.0
731,11,141.95196995919,0.0,0.0,0.0,1.0
732,11,131.84953647228,0.0,0.0,0.0,1.0
733,11,139.44992045128,0.0,0.0,0.0,1.0
734,11,177.57152186328,0.0,0.0,0.0,1.0
735,11,126.47801652743999,0.0,0.0,0.0,1.0
736,11,261.61228024247004,0.0,0.0,0.0,1.0
737,11,208.87483963084,0.0,0.0,0.0,1.0
738,11,110.63241230783999,0.0,0.0,0.0,1.0
739,11,142.59072965085,0.0,0.0,0.0,1.0
740,11,179.24828426554,0.0,0.0,0.0,1.0
741,11,123.04923197148999,0.0,0.0,0.0,1.0
742,11,166.90369102558,0.0,0.0,0.0,1.0
743,11,221.18500361805,0.0,0.0,0.0,1.0
744,11,177.26419101351001,0.0,0.0,0.0,1.0
745,11,180.64658354145,0.0,0.0,0.0,1.0
746,11,147.94426404054,0.0,0.0,0.0,1.0
747,11,163.55184935028998,0.0,0.0,0.0,1.0
748,11,135.69552801173,0.0,0.0,0.0,1.0
749,11,195.74739629572,0.0,0.0,0.0,1.0
750,12,168.52935664069,0.0,0.0,0.0,1.0
751,12,208.06771103634998,0.0,0.0,0.0,1.0
752,12,222.59157273215,0.0,0.0,0.0,1.0
753,12,217.47034180587,0.0,0.0,0.0,1.0
754,12,181.88508404468,0.0,0.0,0.0,1.0
755,12,166.87240531318997,0.0,0.0,0.0,1.0
756,12,143.83139280612,0.0,0.0,0.0,1.0
757,12,186.79229064919997,0.0,0.0,0.0,1.0
758,12,213.70315202353,0.0,0.0,0.0,1.0
759,12,172.09022596499,0.0,0.0,0.0,1.0
760,12,177.45381340851003,0.0,0.0,0.0,1.0
761,12,202.72161624558998,0.0,0.0,0.0,1.0
762,12,210.64541982680998,0.0,0.0,0.0,1.0
763,12,137.65874665676,0.0,0.0,0.0,1.0
764,12,189.39846267568,0.0,0.0,0.0,1.0
765,12,189.26645929023,0.0,0.0,0.0,1.0
766,12,178.16376310598,0.0,0.0,0.0,1.0
767,12,211.5690932171,0.0,0.0,0.0,1.0
768,12,171.34591398132,0.0,0.0,0.0,1.0
769,12,156.56196196607002,0.0,0.0,0.0,1.0
770,12,191.8323617686,0.0,0.0,0.0,1.0
771,12,197.71351363112,0.0,0.0,0.0,1.0
772,12,176.03978654767,0.0,0.0,0.0,1.0
773,12,208.47593495779998,0.0,0.0,0.0,1.0
774,12,134.42327782765,0.0,0.0,0.0,1.0
775,12,148.60265496365,0.0,0.0,0.0,1.0
776,12,84.690696512896,0.0,0.0,0.0,1.0
777,12,199.68503003602,0.0,0.0,0.0,1.0
778,12,151.28724395278,0.0,0.0,0.0,1.0
779,12,174.89997639989,0.0,0.0,0.0,1.0
780,12,215.29648839549,0.0,0.0,0.0,1.0
781,12,184.63238569911,0.0,0.0,0.0,1.0
782,12,168.90615068764998,0.0,0.0,0.0,1.0
783,12,155.84897883826,0.0,0.0,0.0,1.0
784,12,175.30813314388,0.0,0.0,0.0,1.0
785,12,202.29374195717,0.0,0.0,0.0,1.0
786,12,134.47988316716,0.0,0.0,0.0,1.0
787,12,180.81284792698997,0.0,0.0,0.0,1.0
788,12,208.03657168671,0.0,0.0,0.0,1.0
789,12,137.53677046159999,0.0,0.0,0.0,1.0
790,12,204.41968418634,0.0,0.0,0.0,1.0
791,12,204.86357240718002,0.0,0.0,0.0,1.0
792,12,154.77164085674,0.0,0.0,0.0,1.0
793,12,134.85571982463998,0.0,0.0,0.0,1.0
794,12,196.86046076307,0.0,0.0,0.0,1.0
795,12,208.86418283,0.0,0.0,0.0,1.0
796,12,201.52601554630002,0.0,0.0,0.0,1.0
797,12,207.41117202583,0.0,0.0,0.0,1.0
798,12,145.17193491375,0.0,0.0,0.0,1.0
799,12,201.68312608333,0.0,0.0,0.0,1.0
800,13,170.27967081594,0.0,0.0,0.0,1.0
801,13,170.91351556746,0.0,0.0,0.0,1.0
802,13,137.0995196168,0.0,0.0,0.0,1.0
803,13,227.40708751404,0.0,0.0,0.0,1.0
804,13,195.95198226464,0.0,0.0,0.0,1.0
805,13,224.12278455132002,0.0,0.0,0.0,1.0
806,13,241.37427792547996,0.0,0.0,0.0,1.0
807,13,151.33387296926,0.0,0.0,0.0,1.0
808,13,211.86262536749,0.0,0.0,0.0,1.0
809,13,189.56615850209,0.0,0.0,0.0,1.0
810,13,221.08483065032001,0.0,0.0,0.0,1.0
811,13,227.66161558516004,0.0,0.0,0.0,1.0
812,13,217.89602968985,0.0,0.0,0.0,1.0
813,13,162.20119770333,0.0,0.0,0.0,1.0
814,13,185.69950248242,0.0,0.0,0.0,1.0
815,13,198.98085879681,0.0,0.0,0.0,1.0
816,13,297.38995447963,0.0,0.0,0.0,1.0
817,13,231.7049857694,0.0,0.0,0.0,1.0
818,13,268.90160092602,0.0,0.0,0.0,1.0
819,13,204.09292726173,0.0,0.0,0.0,1.0
820,13,197.20227327053001,0.0,0.0,0.0,1.0
821,13,210.84767431788998,0.0,0.0,0.0,1.0
822,13,172.05558333225,0.0,0.0,0.0,1.0
823,13,232.21444254598998,0.0,0.0,0.0,1.0
824,13,184.64055678437,0.0,0.0,0.0,1.0
825,13,143.29753932382,0.0,0.0,0.0,1.0
826,13,219.60849726041,0.0,0.0,0.0,1.0
827,13,136.6698677272,0.0,0.0,0.0,1.0
828,13,127.29540153887,0.0,0.0,0.0,1.0
829,13,199.80593352992,0.0,0.0,0.0,1.0
830,13,157.66902166455,0.0,0.0,0.0,1.0
831,13,159.03510880169,0.0,0.0,0.0,1.0
832,13,184.49372820971,0.0,0.0,0.0,1.0
833,13,173.37733996555,0.0,0.0,0.0,1.0
834,13,182.42541173018998,0.0,0.0,0.0,1.0
835,13,199.25026087889,0.0,0.0,0.0,1.0
836,13,150.26994960976998,0.0,0.0,0.0,1.0
837,13,148.37603356441002,0.0,0.0,0.0,1.0
838,13,118.61772421273001,0.0,0.0,0.0,1.0
839,13,176.73175057798,0.0,0.0,0.0,1.0
840,13,212.58557976381002,0.0,0.0,0.0,1.0
841,13,166.12302375587,0.0,0.0,0.0,1.0
842,13,207.04513616648998,0.0,0.0,0.0,1.0
843,13,208.37066735371997,0.0,0.0,0.0,1.0
844,13,223.68553354208998,0.0,0.0,0.0,1.0
845,13,223.63885596787003,0.0,0.0,0.0,1.0
846,13,166.57939978078002,0.0,0.0,0.0,1.0
847,13,160.86752137558,0.0,0.0,0.0,1.0
848,13,191.64526060043,0.0,0.0,0.0,1.0
849,13,167.3949843025,0.0,0.0,0.0,1.0
850,14,260.10967843958997,0.0,0.0,0.0,1.0
851,14,257.19383008578,0.0,0.0,0.0,1.0
852,14,205.80545675878997,0.0,0.0,0.0,1.0
853,14,184.91491744063998,0.0,0.0,0.0,1.0
854,14,222.43231239366,0.0,0.0,0.0,1.0
855,14,175.74905502478,0.0,0.0,0.0,1.0
856,14,196.99932896205001,0.0,0.0,0.0,1.0
857,14,180.78133198771,0.0,0.0,0.0,1.0
858,14,206.22345597068002,0.0,0.0,0.0,1.0
859,14,247.13401626509997,0.0,0.0,0.0,1.0
860,14,231.69912164382004,0.0,0.0,0.0,1.0
861,14,247.74412618076,0.0,0.0,0.0,1.0
862,14,165.41143019778,0.0,0.0,0.0,1.0
863,14,209.19206687698002,0.0,0.0,0.0,1.0
864,14,162.66608719196998,0.0,0.0,0.0,1.0
865,14,217.39314283008,0.0,0.0,0.0,1.0
866,14,215.02790528959,0.0,0.0,0.0,1.0
867,14,253.85241474238998,0.0,0.0,0.0,1.0
868,14,245.96917933967998,0.0,0.0,0.0,1.0
869,14,228.12892194997002,0.0,0.0,0.0,1.0
870,14,181.79706450913997,0.0,0.0,0.0,1.0
871,14,182.96024772066002,0.0,0.0,0.0,1.0
872,14,119.93754312674999,0.0,0.0,0.0,1.0
873,14,184.06781848242,0.0,0.0,0.0,1.0
874,14,139.95213860556,0.0,0.0,0.0,1.0
875,14,239.19303113878,0.0,0.0,0.0,1.0
876,14,238.07759887436,0.0,0.0,0.0,1.0
877,14,207.53149796215,0.0,0.0,0.0,1.0
878,14,186.86368965994,0.0,0.0,0.0,1.0
879,14,207.72257029544,0.0,0.0,0.0,1.0
880,14,266.20154665681,0.0,0.0,0.0,1.0
881,14,255.96464217165,0.0,0.0,0.0,1.0
882,14,184.06231554596002,0.0,0.0,0.0,1.0
883,14,208.73645283687,0.0,0.0,0.0,1.0
884,14,157.18013219949,0.0,0.0,0.0,1.0
885,14,218.02923630252,0.0,0.0,0.0,1.0
886,14,231.56250578812,0.0,0.0,0.0,1.0
887,14,238.00178818517998,0.0,0.0,0.0,1.0
888,14,140.75126911363998,0.0,0.0,0.0,1.0
889,14,222.18483147466,0.0,0.0,0.0,1.0
890,14,167.43141416244,0.0,0.0,0.0,1.0
891,14,186.93780192051997,0.0,0.0,0.0,1.0
892,14,233.52041620187,0.0,0.0,0.0,1.0
893,14,213.92822565987998,0.0,0.0,0.0,1.0
894,14,195.45032652781003,0.0,0.0,0.0,1.0
895,14,226.26930182137997,0.0,0.0,0.0,1.0
896,14,267.3799471564,0.0,0.0,0.0,1.0
897,14,177.06025102733003,0.0,0.0,0.0,1.0
898,14,147.99599336226999,0.0,0.0,0.0,1.0
899,14,155.5103608382,0.0,0.0,0.0,1.0
900,15,174.45171513701,0.0,0.0,0.0,1.0
901,15,186.46671864555,0.0,0.0,0.0,1.0
902,15,241.37397147392002,0.0,0.0,0.0,1.0
903,15,124.22611613847,0.0,0.0,0.0,1.0
904,15,226.38241087742998,0.0,0.0,0.0,1.0
905,15,181.74946059999002,0.0,0.0,0.0,1.0
906,15,264.38072559740004,0.0,0.0,0.0,1.0
907,15,178.35517099201,0.0,0.0,0.0,1.0
908,15,216.33253543678,0.0,0.0,0.0,1.0
909,15,174.74622617271,0.0,0.0,0.0,1.0
910,15,186.0113739696,0.0,0.0,0.0,1.0
911,15,204.55386506278998,0.0,0.0,0.0,1.0
912,15,205.93300397041,0.0,0.0,0.0,1.0
913,15,192.90822826444,0.0,0.0,0.0,1.0
914,15,265.64601464923,0.0,0.0,0.0,1.0
915,15,240.20612697897002,0.0,0.0,0.0,1.0
916,15,297.62648387077,0.0,0.0,0.0,1.0
917,15,203.79885304065,0.0,0.0,0.0,1.0
918,15,262.93175391839003,0.0,0.0,0.0,1.0
919,15,123.63349055642,0.0,0.0,0.0,1.0
920,15,244.09328585441003,0.0,0.0,0.0,1.0
921,15,232.34448009291,0.0,0.0,0.0,1.0
922,15,199.53611080378002,0.0,0.0,0.0,1.0
923,15,246.59532635065,0.0,0.0,0.0,1.0
924,15,254.61566459834,0.0,0.0,0.0,1.0
925,15,261.47864853781005,0.0,0.0,0.0,1.0
926,15,234.47081809626,0.0,0.0,0.0,1.0
927,15,242.44704602678,0.0,0.0,0.0,1.0
928,15,186.34319419645,0.0,0.0,0.0,1.0
929,15,167.81214789628999,0.0,0.0,0.0,1.0
930,15,204.22486406981997,0.0,0.0,0.0,1.0
931,15,224.20821636366,0.0,0.0,0.0,1.0
932,15,257.84156556052,0.0,0.0,0.0,1.0
933,15,181.21717557654998,0.0,0.0,0.0,1.0
934,15,194.46296879496998,0.0,0.0,0.0,1.0
935,15,346.87685030649004,0.0,0.0,0.0,1.0
936,15,188.60624429765,0.0,0.0,0.0,1.0
937,15,300.49333156495,0.0,0.0,0.0,1.0
938,15,258.29055277706,0.0,0.0,0.0,1.0
939,15,191.45666075654,0.0,0.0,0.0,1.0
940,15,211.31157333111,0.0,0.0,0.0,1.0
941,15,206.53290515387002,0.0,0.0,0.0,1.0
942,15,236.83354645232998,0.0,0.0,0.0,1.0
943,15,276.08820216927,0.0,0.0,0.0,1.0
944,15,143.93663649296002,0.0,0.0,0.0,1.0
945,15,305.04407005855,0.0,0.0,0.0,1.0
946,15,250.22272856589,0.0,0.0,0.0,1.0
947,15,191.84831537788997,0.0,0.0,0.0,1.0
948,15,210.45550015487999,0.0,0.0,0.0,1.0
949,15,229.18153792119998,0.0,0.0,0.0,1.0
950,16,243.92004564842998,0.0,0.0,0.0,1.0
951,16,286.43679712477996,0.0,0.0,0.0,1.0
952,16,281.23812285653,0.0,0.0,0.0,1.0
953,16,213.14094840874,0.0,0.0,0.0,1.0
954,16,223.89340136695998,0.0,0.0,0.0,1.0
955,16,264.48566361746003,0.0,0.0,0.0,1.0
956,16,235.65558380488997,0.0,0.0,0.0,1.0
957,16,283.40757038035,0.0,0.0,0.0,1.0
958,16,197.7216634202,0.0,0.0,0.0,1.0
959,16,252.16909458181,0.0,0.0,0.0,1.0
960,16,243.55209587642997,0.0,0.0,0.0,1.0
961,16,295.4171772472,0.0,0.0,0.0,1.0
962,16,166.76140552243,0.0,0.0,0.0,1.0
963,16,230.03512809101002,0.0,0.0,0.0,1.0
964,16,232.51425595597001,0.0,0.0,0.0,1.0
965,16,119.93045588615,0.0,0.0,0.0,1.0
966,16,288.66047179405,0.0,0.0,0.0,1.0
967,16,362.03389711756006,0.0,0.0,0.0,1.0
968,16,219.08731149654,0.0,0.0,0.0,1.0
969,16,243.49051090398999,0.0,0.0,0.0,1.0
970,16,208.16358897501,0.0,0.0,0.0,1.0
971,16,248.06293550547997,0.0,0.0,0.0,1.0
972,16,212.14810640238997,0.0,0.0,0.0,1.0
973,16,225.21642330536,0.0,0.0,0.0,1.0
974,16,306.05310366005,0.0,0.0,0.0,1.0
975,16,190.18019551546,0.0,0.0,0.0,1.0
976,16,202.9334906945,0.0,0.0,0.0,1.0
977,16,226.43208296667999,0.0,0.0,0.0,1.0
978,16,223.77383516765,0.0,0.0,0.0,1.0
979,16,297.64755430842996,0.0,0.0,0.0,1.0
980,16,325.46935700616,0.0,0.0,0.0,1.0
981,16,184.02452432764,0.0,0.0,0.0,1.0
982,16,199.87188760436,0.0,0.0,0.0,1.0
983,16,254.46235646724998,0.0,0.0,0.0,1.0
984,16,212.10710018076,0.0,0.0,0.0,1.0
985,16,323.66404123844,0.0,0.0,0.0,1.0
986,16,306.88590166302004,0.0,0.0,0.0,1.0
987,16,256.27388789249,0.0,0.0,0.0,1.0
988,16,256.49096646712997,0.0,0.0,0.0,1.0
989,16,214.09535879776,0.0,0.0,0.0,1.0
990,16,265.89142646451,0.0,0.0,0.0,1.0
991,16,282.98979026375,0.0,0.0,0.0,1.0
992,16,236.65384486136003,0.0,0.0,0.0,1.0
993,16,320.62230283959997,0.0,0.0,0.0,1.0
994,16,261.51998174901,0.0,0.0,0.0,1.0
995,16,224.82477186102997,0.0,0.0,0.0,1.0
996,16,247.43522612656002,0.0,0.0,0.0,1.0
997,16,281.53995058737,0.0,0.0,0.0,1.0
998,16,211.28633396371004,0.0,0.0,0.0,1.0
999,16,225.98326008944,0.0,0.0,0.0,1.0
1000,17,367.0376579688,0.0,0.0,0.0,1.0
1001,17,221.83002798330003,0.0,0.0,0.0,1.0
1002,17,294.26338377933,0.0,0.0,0.0,1.0
1003,17,287.72624036922,0.0,0.0,0.0,1.0
1004,17,327.03751510637994,0.0,0.0,0.0,1.0
1005,17,272.82661185781,0.0,0.0,0.0,1.0
1006,17,120.27492481423,0.0,0.0,0.0,1.0
1007,17,202.52107492921002,0.0,0.0,0.0,1.0
1008,17,272.09850605078,0.0,0.0,0.0,1.0
1009,17,259.14652048009,0.0,0.0,0.0,1.0
1010,17,346.08481714507997,0.0,0.0,0.0,1.0
1011,17,317.72206035518997,0.0,0.0,0.0,1.0
1012,17,271.33852032814997,0.0,0.0,0.0,1.0
1013,17,250.22435867605,0.0,0.0,0.0,1.0
1014,17,167.0276288862,0.0,0.0,0.0,1.0
1015,17,341.02114128964,0.0,0.0,0.0,1.0
1016,17,252.83535771276001,0.0,0.0,0.0,1.0
1017,17,167.15386873486,0.0,0.0,0.0,1.0
1018,17,268.09740220577004,0.0,0.0,0.0,1.0
1019,17,251.25066521936,0.0,0.0,0.0,1.0
1020,17,216.91234890629,0.0,0.0,0.0,1.0
1021,17,271.14616999137996,0.0,0.0,0.0,1.0
1022,17,209.91682611108996,0.0,0.0,0.0,1.0
1023,17,177.25072316549,0.0,0.0,0.0,1.0
1024,17,156.53062192225,0.0,0.0,0.0,1.0
1025,17,227.44574331297997,0.0,0.0,0.0,1.0
1026,17,214.01820571307,0.0,0.0,0.0,1.0
1027,17,268.44766288842004,0.0,0.0,0.0,1.0
1028,17,169.36530242563,0.0,0.0,0.0,1.0
1029,17,235.37999233814998,0.0,0.0,0.0,1.0
1030,17,169.23860156125,0.0,0.0,0.0,1.0
1031,17,338.29678195642003,0.0,0.0,0.0,1.0
1032,17,240.03439904465,0.0,0.0,0.0,1.0
1033,17,308.53665824367,0.0,0.0,0.0,1.0
1034,17,271.24210036767005,0.0,0.0,0.0,1.0
1035,17,292.33833757224,0.0,0.0,0.0,1.0
1036,17,187.1348394268,0.0,0.0,0.0,1.0
1037,17,310.13533138900004,0.0,0.0,0.0,1.0
1038,17,320.0791532537,0.0,0.0,0.0,1.0
1039,17,140.08261425668002,0.0,0.0,0.0,1.0
1040,17,236.9991117926,0.0,0.0,0.0,1.0
1041,17,212.74380823474,0.0,0.0,0.0,1.0
1042,17,253.98322398832002,0.0,0.0,0.0,1.0
1043,17,202.63848449033,0.0,0.0,0.0,1.0
1044,17,260.23134185412005,0.0,0.0,0.0,1.0
1045,17,276.45178025581004,0.0,0.0,0.0,1.0
1046,17,258.48055209812003,0.0,0.0,0.0,1.0
1047,17,239.96432793517002,0.0,0.0,0.0,1.0
1048,17,180.24019802080002,0.0,0.0,0.0,1.0
1049,17,248.93574572817002,0.0,0.0,0.0,1.0
1050,11,172.41551501307998,0.0,0.0,1.0,0.0
1051,11,189.37202718257998,0.0,0.0,1.0,0.0
1052,11,207.51672923181,0.0,0.0,1.0,0.0
1053,11,193.93627332607,0.0,0.0,1.0,0.0
1054,11,193.78562389326,0.0,0.0,1.0,0.0
1055,11,185.02106644424,0.0,0.0,1.0,0.0
1056,11,185.91710828288998,0.0,0.0,1.0,0.0
1057,11,186.68182985709998,0.0,0.0,1.0,0.0
1058,11,139.12595847552,0.0,0.0,1.0,0.0
1059,11,195.43737410544,0.0,0.0,1.0,0.0
1060,11,205.96795977278,0.0,0.0,1.0,0.0
1061,11,165.60975545574,0.0,0.0,1.0,0.0
1062,11,161.65247809366002,0.0,0.0,1.0,0.0
1063,11,199.45463946719,0.0,0.0,1.0,0.0
1064,11,161.90730159842,0.0,0.0,1.0,0.0
1065,11,158.87534627937,0.0,0.0,1.0,0.0
1066,11,202.41754018088002,0.0,0.0,1.0,0.0
1067,11,176.95845916016998,0.0,0.0,1.0,0.0
1068,11,210.46008910198998,0.0,0.0,1.0,0.0
1069,11,165.70445566886002,0.0,0.0,1.0,0.0
1070,11,177.66282236529997,0.0,0.0,1.0,0.0
1071,11,192.76350352830002,0.0,0.0,1.0,0.0
1072,11,198.19051897057,0.0,0.0,1.0,0.0
1073,11,196.74906936181,0.0,0.0,1.0,0.0
1074,11,191.87730153308,0.0,0.0,1.0,0.0
1075,11,184.44624058028,0.0,0.0,1.0,0.0
1076,11,178.28261494376,0.0,0.0,1.0,0.0
1077,11,196.97568796522,0.0,0.0,1.0,0.0
1078,11,181.67627219746998,0.0,0.0,1.0,0.0
1079,11,195.93729814976,0.0,0.0,1.0,0.0
1080,11,207.68713128694,0.0,0.0,1.0,0.0
1081,11,148.82178531145001,0.0,0.0,1.0,0.0
1082,11,220.33102966200002,0.0,0.0,1.0,0.0
1083,11,177.35045490682,0.0,0.0,1.0,0.0
1084,11,211.72232277495,0.0,0.0,1.0,0.0
1085,11,215.87008391176997,0.0,0.0,1.0,0.0
1086,11,162.58846105414,0.0,0.0,1.0,0.0
1087,11,191.62119260137,0.0,0.0,1.0,0.0
1088,11,249.64482488987002,0.0,0.0,1.0,0.0
1089,11,184.71398458079,0.0,0.0,1.0,0.0
1090,11,197.07802441872,0.0,0.0,1.0,0.0
1091,11,194.33681351543999,0.0,0.0,1.0,0.0
1092,11,210.86579270759998,0.0,0.0,1.0,0.0
1093,11,207.73667058581,0.0,0.0,1.0,0.0
1094,11,171.80461123368,0.0,0.0,1.0,0.0
1095,11,180.76487510671,0.0,0.0,1.0,0.0
1096,11,194.55441265876,0.0,0.0,1.0,0.0
1097,11,187.46976434246002,0.0,0.0,1.0,0.0
1098,11,233.21695349165,0.0,0.0,1.0,0.0
1099,11,196.23770552209,0.0,0.0,1.0,0.0
1100,14,245.17597634791,0.0,0.0,1.0,0.0
1101,14,219.88888501544,0.0,0.0,1.0,0.0
1102,14,210.57222312423,0.0,0.0,1.0,0.0
1103,14,252.24785004681,0.0,0.0,1.0,0.0
1104,14,232.58825905529,0.0,0.0,1.0,0.0
1105,14,249.37270034633,0.0,0.0,1.0,0.0
1106,14,220.01186518307003,0.0,0.0,1.0,0.0
1107,14,254.26676900982002,0.0,0.0,1.0,0.0
1108,14,200.53856428291002,0.0,0.0,1.0,0.0
1109,14,267.56733289179,0.0,0.0,1.0,0.0
1110,14,253.2861081782,0.0,0.0,1.0,0.0
1111,14,238.68437040294998,0.0,0.0,1.0,0.0
1112,14,213.47535669151,0.0,0.0,1.0,0.0
1113,14,228.6168670182,0.0,0.0,1.0,0.0
1114,14,241.54265618793,0.0,0.0,1.0,0.0
1115,14,260.45046451735,0.0,0.0,1.0,0.0
1116,14,216.00486982016002,0.0,0.0,1.0,0.0
1117,14,262.18276013749,0.0,0.0,1.0,0.0
1118,14,291.39187975117994,0.0,0.0,1.0,0.0
1119,14,226.67726602755002,0.0,0.0,1.0,0.0
1120,14,245.79562034929,0.0,0.0,1.0,0.0
1121,14,223.4658027277,0.0,0.0,1.0,0.0
1122,14,202.4527378857,0.0,0.0,1.0,0.0
1123,14,265.66039383442995,0.0,0.0,1.0,0.0
1124,14,250.26474197686,0.0,0.0,1.0,0.0
1125,14,226.37287875424,0.0,0.0,1.0,0.0
1126,14,238.74847181125,0.0,0.0,1.0,0.0
1127,14,231.94292426182002,0.0,0.0,1.0,0.0
1128,14,207.51383778242,0.0,0.0,1.0,0.0
1129,14,179.343274345,0.0,0.0,1.0,0.0
1130,14,235.55871734268996,0.0,0.0,1.0,0.0
1131,14,227.32930020432002,0.0,0.0,1.0,0.0
1132,14,225.06511190707997,0.0,0.0,1.0,0.0
1133,14,219.72444743106,0.0,0.0,1.0,0.0
1134,14,200.46421975539,0.0,0.0,1.0,0.0
1135,14,226.15408191573997,0.0,0.0,1.0,0.0
1136,14,239.70127346168,0.0,0.0,1.0,0.0
1137,14,215.44429035137,0.0,0.0,1.0,0.0
1138,14,245.43329084875,0.0,0.0,1.0,0.0
1139,14,231.09041420797,0.0,0.0,1.0,0.0
1140,14,234.48816022492997,0.0,0.0,1.0,0.0
1141,14,208.16082905257,0.0,0.0,1.0,0.0
1142,14,221.34176083075002,0.0,0.0,1.0,0.0
1143,14,244.63302748387997,0.0,0.0,1.0,0.0
1144,14,220.83563358613,0.0,0.0,1.0,0.0
1145,14,239.70526427538996,0.0,0.0,1.0,0.0
1146,14,275.72183626772005,0.0,0.0,1.0,0.0
1147,14,252.27013325355,0.0,0.0,1.0,0.0
1148,14,257.07098231875,0.0,0.0,1.0,0.0
1149,14,283.30534320482997,0.0,0.0,1.0,0.0
1150,16,317.32605510167997,0.0,0.0,1.0,0.0
1151,16,306.39223039148,0.0,0.0,1.0,0.0
1152,16,328.23455695785,0.0,0.0,1.0,0.0
1153,16,288.08053151928,0.0,0.0,1.0,0.0
1154,16,291.20894018657003,0.0,0.0,1.0,0.0
1155,16,329.17717956854,0.0,0.0,1.0,0.0
1156,16,307.18806508776004,0.0,0.0,1.0,0.0
1157,16,300.20801523174,0.0,0.0,1.0,0.0
1158,16,307.24183229764,0.0,0.0,1.0,0.0
1159,16,297.0861334474,0.0,0.0,1.0,0.0
1160,16,296.69468882822997,0.0,0.0,1.0,0.0
1161,16,295.36161810111,0.0,0.0,1.0,0.0
1162,16,293.01085936212,0.0,0.0,1.0,0.0
1163,16,287.53118532627997,0.0,0.0,1.0,0.0
1164,16,299.95853455196,0.0,0.0,1.0,0.0
1165,16,292.71993213231,0.0,0.0,1.0,0.0
1166,16,321.07248551001,0.0,0.0,1.0,0.0
1167,16,304.11150582058997,0.0,0.0,1.0,0.0
1168,16,315.16055429877,0.0,0.0,1.0,0.0
1169,16,298.83398270683,0.0,0.0,1.0,0.0
1170,16,299.65339149099,0.0,0.0,1.0,0.0
1171,16,318.49094933252996,0.0,0.0,1.0,0.0
1172,16,321.44758806806,0.0,0.0,1.0,0.0
1173,16,301.26314843591,0.0,0.0,1.0,0.0
1174,16,324.59624272285,0.0,0.0,1.0,0.0
1175,16,307.48874353094,0.0,0.0,1.0,0.0
1176,16,305.98153487095,0.0,0.0,1.0,0.0
1177,16,331.61953018272004,0.0,0.0,1.0,0.0
1178,16,322.39173257434,0.0,0.0,1.0,0.0
1179,16,313.55607862744,0.0,0.0,1.0,0.0
1180,16,306.45576972792,0.0,0.0,1.0,0.0
1181,16,293.2303490664,0.0,0.0,1.0,0.0
1182,16,299.18007023442,0.0,0.0,1.0,0.0
1183,16,326.41732077756,0.0,0.0,1.0,0.0
1184,16,272.37761638767,0.0,0.0,1.0,0.0
1185,16,291.84409690223,0.0,0.0,1.0,0.0
1186,16,298.14542666831,0.0,0.0,1.0,0.0
1187,16,302.88474708974,0.0,0.0,1.0,0.0
1188,16,275.71864658186,0.0,0.0,1.0,0.0
1189,16,308.23868972419996,0.0,0.0,1.0,0.0
1190,16,311.06002997232,0.0,0.0,1.0,0.0
1191,16,287.58170297701,0.0,0.0,1.0,0.0
1192,16,297.15442548868,0.0,0.0,1.0,0.0
1193,16,283.73755963997996,0.0,0.0,1.0,0.0
1194,16,323.64116831567003,0.0,0.0,1.0,0.0
1195,16,306.05158446056,0.0,0.0,1.0,0.0
1196,16,297.27246136662,0.0,0.0,1.0,0.0
1197,16,287.78809002478,0.0,0.0,1.0,0.0
1198,16,302.18716423308996,0.0,0.0,1.0,0.0
1199,16,324.48097455113,0.0,0.0,1.0,0.0
1200,18,327.02160532174,0.0,0.0,1.0,0.0
1201,18,328.33172868008,0.0,0.0,1.0,0.0
1202,18,302.24569429482,0.0,0.0,1.0,0.0
1203,18,325.18930046822004,0.0,0.0,1.0,0.0
1204,18,335.43175601622,0.0,0.0,1.0,0.0
1205,18,299.20569958279,0.0,0.0,1.0,0.0
1206,18,341.34380475058,0.0,0.0,1.0,0.0
1207,18,363.79473063271,0.0,0.0,1.0,0.0
1208,18,296.24256990279997,0.0,0.0,1.0,0.0
1209,18,287.70098309852995,0.0,0.0,1.0,0.0
1210,18,321.18106840661,0.0,0.0,1.0,0.0
1211,18,335.14548108106004,0.0,0.0,1.0,0.0
1212,18,321.02885894770003,0.0,0.0,1.0,0.0
1213,18,319.73923345009,0.0,0.0,1.0,0.0
1214,18,322.50910203285997,0.0,0.0,1.0,0.0
1215,18,304.52523501055,0.0,0.0,1.0,0.0
1216,18,294.79866591677995,0.0,0.0,1.0,0.0
1217,18,348.95422161217004,0.0,0.0,1.0,0.0
1218,18,327.31299141656,0.0,0.0,1.0,0.0
1219,18,302.46005196997004,0.0,0.0,1.0,0.0
1220,18,340.46497780694,0.0,0.0,1.0,0.0
1221,18,300.61713081472,0.0,0.0,1.0,0.0
1222,18,320.35547784114,0.0,0.0,1.0,0.0
1223,18,334.83755413777,0.0,0.0,1.0,0.0
1224,18,308.2843510658,0.0,0.0,1.0,0.0
1225,18,316.53238520544,0.0,0.0,1.0,0.0
1226,18,322.89752055337004,0.0,0.0,1.0,0.0
1227,18,355.18035040117996,0.0,0.0,1.0,0.0
1228,18,330.10700510129,0.0,0.0,1.0,0.0
1229,18,315.69555268744,0.0,0.0,1.0,0.0
1230,18,318.61579183821,0.0,0.0,1.0,0.0
1231,18,317.69404938916,0.0,0.0,1.0,0.0
1232,18,344.33990540569,0.0,0.0,1.0,0.0
1233,18,317.62534148558,0.0,0.0,1.0,0.0
1234,18,309.10718087564,0.0,0.0,1.0,0.0
1235,18,326.43999113367,0.0,0.0,1.0,0.0
1236,18,320.81089393141,0.0,0.0,1.0,0.0
1237,18,335.71841024038997,0.0,0.0,1.0,0.0
1238,18,338.50898968289,0.0,0.0,1.0,0.0
1239,18,340.65245632281,0.0,0.0,1.0,0.0
1240,18,333.26596271889,0.0,0.0,1.0,0.0
1241,18,333.0205173568,0.0,0.0,1.0,0.0
1242,18,354.35600945749,0.0,0.0,1.0,0.0
1243,18,302.92317122989,0.0,0.0,1.0,0.0
1244,18,316.56867747556,0.0,0.0,1.0,0.0
1245,18,293.93986440198995,0.0,0.0,1.0,0.0
1246,18,337.83649193122,0.0,0.0,1.0,0.0
1247,18,322.76150913099997,0.0,0.0,1.0,0.0
1248,18,317.37407579646,0.0,0.0,1.0,0.0
1249,18,293.50414398887995,0.0,0.0,1.0,0.0
1250,20,358.71076749232003,0.0,0.0,1.0,0.0
1251,20,349.26250743416,0.0,0.0,1.0,0.0
1252,20,325.91589966107,0.0,0.0,1.0,0.0
1253,20,330.12333654913,0.0,0.0,1.0,0.0
1254,20,338.55445080939,0.0,0.0,1.0,0.0
1255,20,349.46361280144,0.0,0.0,1.0,0.0
1256,20,319.64837102011,0.0,0.0,1.0,0.0
1257,20,350.91996003981,0.0,0.0,1.0,0.0
1258,20,367.92645173763003,0.0,0.0,1.0,0.0
1259,20,346.76930454511,0.0,0.0,1.0,0.0
1260,20,339.91788805243,0.0,0.0,1.0,0.0
1261,20,361.28389020824,0.0,0.0,1.0,0.0
1262,20,378.27502387483,0.0,0.0,1.0,0.0
1263,20,345.27831805747,0.0,0.0,1.0,0.0
1264,20,344.84969485626,0.0,0.0,1.0,0.0
1265,20,324.18830378652,0.0,0.0,1.0,0.0
1266,20,333.95509256569,0.0,0.0,1.0,0.0
1267,20,367.71767286166,0.0,0.0,1.0,0.0
1268,20,352.37688553242003,0.0,0.0,1.0,0.0
1269,20,371.10045226709997,0.0,0.0,1.0,0.0
1270,20,369.08221374987,0.0,0.0,1.0,0.0
1271,20,362.81170824469,0.0,0.0,1.0,0.0
1272,20,371.14503799817004,0.0,0.0,1.0,0.0
1273,20,387.28041972702994,0.0,0.0,1.0,0.0
1274,20,367.09789181188995,0.0,0.0,1.0,0.0
1275,20,363.88174470368995,0.0,0.0,1.0,0.0
1276,20,353.88471170792,0.0,0.0,1.0,0.0
1277,20,328.31495260034,0.0,0.0,1.0,0.0
1278,20,344.03443036415,0.0,0.0,1.0,0.0
1279,20,361.74714994657995,0.0,0.0,1.0,0.0
1280,20,331.10445369483,0.0,0.0,1.0,0.0
1281,20,364.78168979001,0.0,0.0,1.0,0.0
1282,20,361.67810652040004,0.0,0.0,1.0,0.0
1283,20,356.93245705007996,0.0,0.0,1.0,0.0
1284,20,361.2265852631,0.0,0.0,1.0,0.0
1285,20,355.30791995324995,0.0,0.0,1.0,0.0
1286,20,354.32979306693,0.0,0.0,1.0,0.0
1287,20,354.61328095901,0.0,0.0,1.0,0.0
1288,20,374.61598339612,0.0,0.0,1.0,0.0
1289,20,352.87198310740996,0.0,0.0,1.0,0.0
1290,20,298.49077181068,0.0,0.0,1.0,0.0
1291,20,344.43528216417,0.0,0.0,1.0,0.0
1292,20,358.97807234261,0.0,0.0,1.0,0.0
1293,20,375.26127745857,0.0,0.0,1.0,0.0
1294,20,384.22851577585,0.0,0.0,1.0,0.0
1295,20,334.72799523877,0.0,0.0,1.0,0.0
1296,20,371.02170798573997,0.0,0.0,1.0,0.0
1297,20,359.87246394949,0.0,0.0,1.0,0.0
1298,20,350.35747784472,0.0,0.0,1.0,0.0
1299,20,355.32743972782004,0.0,0.0,1.0,0.0
1300,22,404.62048053261003,0.0,0.0,1.0,0.0
1301,22,408.09560881517996,0.0,0.0,1.0,0.0
1302,22,410.10140294856,0.0,0.0,1.0,0.0
1303,22,391.3459497918,0.0,0.0,1.0,0.0
1304,22,383.64164962066,0.0,0.0,1.0,0.0
1305,22,425.12376582171,0.0,0.0,1.0,0.0
1306,22,400.66642298018996,0.0,0.0,1.0,0.0
1307,22,434.38187474426,0.0,0.0,1.0,0.0
1308,22,386.13402928822995,0.0,0.0,1.0,0.0
1309,22,392.94287488531,0.0,0.0,1.0,0.0
1310,22,434.5209125634,0.0,0.0,1.0,0.0
1311,22,434.23894575162,0.0,0.0,1.0,0.0
1312,22,383.97171441437996,0.0,0.0,1.0,0.0
1313,22,409.4603473338,0.0,0.0,1.0,0.0
1314,22,432.86712624077006,0.0,0.0,1.0,0.0
1315,22,432.69394292422004,0.0,0.0,1.0,0.0
1316,22,378.69262225821,0.0,0.0,1.0,0.0
1317,22,438.58709463016,0.0,0.0,1.0,0.0
1318,22,418.84971093625,0.0,0.0,1.0,0.0
1319,22,409.89015710403,0.0,0.0,1.0,0.0
1320,22,400.54636442323,0.0,0.0,1.0,0.0
1321,22,385.2715553883701,0.0,0.0,1.0,0.0
1322,22,407.16021847267996,0.0,0.0,1.0,0.0
1323,22,399.90360850653,0.0,0.0,1.0,0.0
1324,22,452.85801089489996,0.0,0.0,1.0,0.0
1325,22,409.12093206595,0.0,0.0,1.0,0.0
1326,22,401.62267560326006,0.0,0.0,1.0,0.0
1327,22,404.91058537995,0.0,0.0,1.0,0.0
1328,22,392.55920859016,0.0,0.0,1.0,0.0
1329,22,447.94123284817,0.0,0.0,1.0,0.0
1330,22,418.34180688044,0.0,0.0,1.0,0.0
1331,22,406.74506183359,0.0,0.0,1.0,0.0
1332,22,428.37300219552003,0.0,0.0,1.0,0.0
1333,22,404.51657064264,0.0,0.0,1.0,0.0
1334,22,403.18346483731005,0.0,0.0,1.0,0.0
1335,22,393.71693159201004,0.0,0.0,1.0,0.0
1336,22,392.50225550452996,0.0,0.0,1.0,0.0
1337,22,438.30193271400003,0.0,0.0,1.0,0.0
1338,22,421.05406080632997,0.0,0.0,1.0,0.0
1339,22,406.99343755376,0.0,0.0,1.0,0.0
1340,22,440.36092903954,0.0,0.0,1.0,0.0
1341,22,405.68756643562995,0.0,0.0,1.0,0.0
1342,22,411.183583371,0.0,0.0,1.0,0.0
1343,22,375.90747937416,0.0,0.0,1.0,0.0
1344,22,415.00489347973996,0.0,0.0,1.0,0.0
1345,22,375.34180825294,0.0,0.0,1.0,0.0
1346,22,384.81178374086,0.0,0.0,1.0,0.0
1347,22,424.78569955190005,0.0,0.0,1.0,0.0
1348,22,412.44575059489,0.0,0.0,1.0,0.0
1349,22,387.20483115525,0.0,0.0,1.0,0.0
1350,24,425.41825101041,0.0,0.0,1.0,0.0
1351,24,440.18519352632995,0.0,0.0,1.0,0.0
1352,24,439.36377421371003,0.0,0.0,1.0,0.0
1353,24,395.78990045762004,0.0,0.0,1.0,0.0
1354,24,407.19816176138,0.0,0.0,1.0,0.0
1355,24,394.40306804486,0.0,0.0,1.0,0.0
1356,24,432.76458855257994,0.0,0.0,1.0,0.0
1357,24,395.57164904337003,0.0,0.0,1.0,0.0
1358,24,450.23444053584006,0.0,0.0,1.0,0.0
1359,24,411.71664203835996,0.0,0.0,1.0,0.0
1360,24,409.43901090040004,0.0,0.0,1.0,0.0
1361,24,474.79503142165004,0.0,0.0,1.0,0.0
1362,24,483.18338655882,0.0,0.0,1.0,0.0
1363,24,415.91709920109,0.0,0.0,1.0,0.0
1364,24,433.56416125566,0.0,0.0,1.0,0.0
1365,24,478.68537006837005,0.0,0.0,1.0,0.0
1366,24,422.21159067302,0.0,0.0,1.0,0.0
1367,24,473.14688556436,0.0,0.0,1.0,0.0
1368,24,452.89487483092995,0.0,0.0,1.0,0.0
1369,24,435.65255000922,0.0,0.0,1.0,0.0
1370,24,426.43349243755,0.0,0.0,1.0,0.0
1371,24,472.59744791576,0.0,0.0,1.0,0.0
1372,24,450.44129713635004,0.0,0.0,1.0,0.0
1373,24,420.12484558886,0.0,0.0,1.0,0.0
1374,24,443.25990729884,0.0,0.0,1.0,0.0
1375,24,414.59318706816003,0.0,0.0,1.0,0.0
1376,24,437.76020888297006,0.0,0.0,1.0,0.0
1377,24,468.95916983357,0.0,0.0,1.0,0.0
1378,24,446.39848549267,0.0,0.0,1.0,0.0
1379,24,417.2619098673,0.0,0.0,1.0,0.0
1380,24,442.2505222143,0.0,0.0,1.0,0.0
1381,24,418.65757108743,0.0,0.0,1.0,0.0
1382,24,479.95574128669006,0.0,0.0,1.0,0.0
1383,24,393.93413851147994,0.0,0.0,1.0,0.0
1384,24,419.52150961763,0.0,0.0,1.0,0.0
1385,24,451.80398730433,0.0,0.0,1.0,0.0
1386,24,415.89310487114,0.0,0.0,1.0,0.0
1387,24,434.80355738187006,0.0,0.0,1.0,0.0
1388,24,449.16631464210997,0.0,0.0,1.0,0.0
1389,24,462.77368417107004,0.0,0.0,1.0,0.0
1390,24,413.48507541331,0.0,0.0,1.0,0.0
1391,24,430.5675598505,0.0,0.0,1.0,0.0
1392,24,423.75906867967,0.0,0.0,1.0,0.0
1393,24,431.82289248294995,0.0,0.0,1.0,0.0
1394,24,442.73562428959997,0.0,0.0,1.0,0.0
1395,24,420.44403931614,0.0,0.0,1.0,0.0
1396,24,452.45059719590995,0.0,0.0,1.0,0.0
1397,24,444.02626294065993,0.0,0.0,1.0,0.0
1398,24,423.74421816269995,0.0,0.0,1.0,0.0
1399,24,440.62547216682,0.0,0.0,1.0,0.0
1400,27,497.17652919615995,0.0,0.0,1.0,0.0
1401,27,497.40368823617007,0.0,0.0,1.0,0.0
1402,27,489.09278935428,0.0,0.0,1.0,0.0
1403,27,470.33734030705,0.0,0.0,1.0,0.0
1404,27,456.13787693974996,0.0,0.0,1.0,0.0
1405,27,477.73258715300994,0.0,0.0,1.0,0.0
1406,27,460.07623613232005,0.0,0.0,1.0,0.0
1407,27,463.50521759969,0.0,0.0,1.0,0.0
1408,27,495.65676275590994,0.0,0.0,1.0,0.0
1409,27,509.01491281425,0.0,0.0,1.0,0.0
1410,27,487.2413853095599,0.0,0.0,1.0,0.0
1411,27,524.52266082917,0.0,0.0,1.0,0.0
1412,27,432.88177626003,0.0,0.0,1.0,0.0
1413,27,472.58034817365996,0.0,0.0,1.0,0.0
1414,27,474.4373854426099,0.0,0.0,1.0,0.0
1415,27,513.2995836527,0.0,0.0,1.0,0.0
1416,27,484.82256773842005,0.0,0.0,1.0,0.0
1417,27,463.7161674003,0.0,0.0,1.0,0.0
1418,27,486.17686088626,0.0,0.0,1.0,0.0
1419,27,488.43370358657995,0.0,0.0,1.0,0.0
1420,27,476.6715504283,0.0,0.0,1.0,0.0
1421,27,420.13715432405,0.0,0.0,1.0,0.0
1422,27,498.17041049649004,0.0,0.0,1.0,0.0
1423,27,382.68636031202993,0.0,0.0,1.0,0.0
1424,27,474.8007448676099,0.0,0.0,1.0,0.0
1425,27,432.3169408595,0.0,0.0,1.0,0.0
1426,27,462.91626284964,0.0,0.0,1.0,0.0
1427,27,507.77510035669997,0.0,0.0,1.0,0.0
1428,27,458.8653106043,0.0,0.0,1.0,0.0
1429,27,521.0414552710901,0.0,0.0,1.0,0.0
1430,27,491.91174221539,0.0,0.0,1.0,0.0
1431,27,465.69567828251996,0.0,0.0,1.0,0.0
1432,27,448.88766029347,0.0,0.0,1.0,0.0
1433,27,459.31482023627996,0.0,0.0,1.0,0.0
1434,27,481.57957662974997,0.0,0.0,1.0,0.0
1435,27,411.36178890294997,0.0,0.0,1.0,0.0
1436,27,487.73328615632005,0.0,0.0,1.0,0.0
1437,27,479.14871423510994,0.0,0.0,1.0,0.0
1438,27,492.94656895765,0.0,0.0,1.0,0.0
1439,27,524.37521734567,0.0,0.0,1.0,0.0
1440,27,463.71861949705993,0.0,0.0,1.0,0.0
1441,27,446.91772814673,0.0,0.0,1.0,0.0
1442,27,502.17504208087996,0.0,0.0,1.0,0.0
1443,27,494.88342682653,0.0,0.0,1.0,0.0
1444,27,468.34383466225,0.0,0.0,1.0,0.0
1445,27,456.81902385987996,0.0,0.0,1.0,0.0
1446,27,478.36730193322,0.0,0.0,1.0,0.0
1447,27,443.10016763507,0.0,0.0,1.0,0.0
1448,27,473.69070023935996,0.0,0.0,1.0,0.0
1449,27,455.68188887664,0.0,0.0,1.0,0.0
